aircraft_id,cycle,component,egt_c,vibration_g,oil_pressure_kpa
AF-001,1,ENGINE,650.56,0.109,408.05
AF-001,2,ENGINE,650.71,0.116,410.59
AF-001,3,ENGINE,652.86,0.11,412.07
AF-001,4,ENGINE,647.55,0.145,406.12
AF-001,5,ENGINE,655.21,0.13,411.83
AF-001,6,ENGINE,650.65,0.147,410.69
AF-001,7,ENGINE,648.81,0.119,409.17
AF-001,8,ENGINE,653.2,0.141,406.15
AF-001,9,ENGINE,656.93,0.162,410.38
AF-001,10,ENGINE,654.56,0.158,408.09
AF-001,11,ENGINE,651.35,0.171,403.41
AF-001,12,ENGINE,651.45,0.159,407.56
AF-001,13,ENGINE,656.15,0.182,408.41
AF-001,14,ENGINE,661.28,0.194,404.61
AF-001,15,ENGINE,654.72,0.166,405.33
AF-001,16,ENGINE,663.57,0.186,400.62
AF-001,17,ENGINE,667.16,0.204,406.05
AF-001,18,ENGINE,664.94,0.18,405.14
AF-001,19,ENGINE,669.36,0.216,401.76
AF-001,20,ENGINE,660.07,0.223,401.7
AF-001,21,ENGINE,667.57,0.237,399.51
AF-001,22,ENGINE,662.46,0.233,397.78
AF-001,23,ENGINE,674.22,0.221,400.42
AF-001,24,ENGINE,668.45,0.264,395.28
AF-001,25,ENGINE,669.8,0.274,397.86
AF-001,26,ENGINE,675.33,0.262,392.64
AF-001,27,ENGINE,672.42,0.273,397.91
AF-001,28,ENGINE,676.22,0.282,389.85
AF-001,29,ENGINE,672.47,0.279,391.15
AF-001,30,ENGINE,675.55,0.313,394.2
AF-001,31,ENGINE,681.44,0.296,389.12
AF-001,32,ENGINE,684.47,0.336,385.97
AF-001,33,ENGINE,689.8,0.346,387.35
AF-001,34,ENGINE,681.15,0.336,388.48
AF-001,35,ENGINE,688.11,0.357,383.7
AF-001,36,ENGINE,693.62,0.352,385.79
AF-001,37,ENGINE,687.51,0.385,382.56
AF-001,38,ENGINE,694.06,0.384,380.46
AF-001,39,ENGINE,692.57,0.397,380.35
AF-001,40,ENGINE,701.94,0.415,381.29
AF-001,41,ENGINE,704.61,0.436,383.13
AF-001,42,ENGINE,700.64,0.444,382.23
AF-001,43,ENGINE,707.91,0.448,376.55
AF-001,44,ENGINE,708.0,0.442,376.5
AF-001,45,ENGINE,711.01,0.46,377.79
AF-001,46,ENGINE,708.66,0.488,376.9
AF-001,47,ENGINE,709.16,0.478,370.49
AF-001,48,ENGINE,711.31,0.491,368.33
AF-001,49,ENGINE,719.83,0.516,373.85
AF-001,50,ENGINE,717.37,0.532,372.53
AF-001,51,ENGINE,718.74,0.535,365.16
AF-001,52,ENGINE,725.65,0.555,368.12
AF-001,53,ENGINE,724.05,0.572,366.44
AF-001,54,ENGINE,724.69,0.59,364.6
AF-001,55,ENGINE,726.86,0.615,358.28
AF-001,56,ENGINE,736.14,0.62,357.49
AF-001,57,ENGINE,738.73,0.612,359.73
AF-001,58,ENGINE,732.45,0.661,356.29
AF-001,59,ENGINE,739.1,0.672,355.93
AF-001,60,ENGINE,743.79,0.661,353.1
AF-002,1,ENGINE,655.37,0.131,408.91
AF-002,2,ENGINE,650.33,0.135,413.51
AF-002,3,ENGINE,648.2,0.13,410.08
AF-002,4,ENGINE,652.77,0.113,412.48
AF-002,5,ENGINE,647.97,0.128,412.8
AF-002,6,ENGINE,656.83,0.14,412.26
AF-002,7,ENGINE,656.56,0.127,405.42
AF-002,8,ENGINE,650.76,0.128,404.57
AF-002,9,ENGINE,659.96,0.159,404.28
AF-002,10,ENGINE,655.89,0.168,410.31
AF-002,11,ENGINE,656.99,0.169,407.61
AF-002,12,ENGINE,661.21,0.159,407.61
AF-002,13,ENGINE,653.48,0.172,401.74
AF-002,14,ENGINE,661.73,0.185,400.82
AF-002,15,ENGINE,654.84,0.168,400.81
AF-002,16,ENGINE,655.55,0.188,402.65
AF-002,17,ENGINE,658.68,0.195,405.16
AF-002,18,ENGINE,667.43,0.216,401.58
AF-002,19,ENGINE,667.51,0.224,402.71
AF-002,20,ENGINE,661.38,0.221,403.05
AF-002,21,ENGINE,668.4,0.238,402.97
AF-002,22,ENGINE,673.16,0.221,401.27
AF-002,23,ENGINE,674.76,0.234,400.02
AF-002,24,ENGINE,667.71,0.251,400.51
AF-002,25,ENGINE,673.39,0.268,395.63
AF-002,26,ENGINE,668.27,0.284,391.6
AF-002,27,ENGINE,676.9,0.26,397.99
AF-002,28,ENGINE,681.15,0.3,392.45
AF-002,29,ENGINE,674.6,0.284,390.83
AF-002,30,ENGINE,682.76,0.32,392.05
AF-002,31,ENGINE,686.91,0.294,394.52
AF-002,32,ENGINE,681.01,0.341,387.93
AF-002,33,ENGINE,689.6,0.313,385.11
AF-002,34,ENGINE,686.57,0.323,385.42
AF-002,35,ENGINE,689.14,0.369,383.48
AF-002,36,ENGINE,692.81,0.345,382.81
AF-002,37,ENGINE,687.68,0.37,386.7
AF-002,38,ENGINE,695.52,0.369,382.17
AF-002,39,ENGINE,690.27,0.409,384.02
AF-002,40,ENGINE,697.7,0.42,382.73
AF-002,41,ENGINE,699.55,0.413,377.34
AF-002,42,ENGINE,699.97,0.43,379.32
AF-002,43,ENGINE,697.38,0.435,375.14
AF-002,44,ENGINE,701.36,0.471,377.49
AF-002,45,ENGINE,706.13,0.474,373.09
AF-002,46,ENGINE,709.58,0.46,372.03
AF-002,47,ENGINE,710.92,0.486,375.75
AF-002,48,ENGINE,711.87,0.519,368.35
AF-002,49,ENGINE,711.92,0.514,370.99
AF-002,50,ENGINE,718.98,0.533,367.63
AF-002,51,ENGINE,723.42,0.54,368.49
AF-002,52,ENGINE,720.93,0.575,366.51
AF-002,53,ENGINE,717.83,0.552,366.15
AF-002,54,ENGINE,720.8,0.582,361.74
AF-002,55,ENGINE,726.06,0.617,364.79
AF-002,56,ENGINE,730.57,0.598,358.1
AF-002,57,ENGINE,730.86,0.626,358.38
AF-002,58,ENGINE,732.79,0.66,359.0
AF-002,59,ENGINE,738.12,0.667,353.82
AF-002,60,ENGINE,740.18,0.657,354.5
AF-003,1,ENGINE,653.87,0.106,411.21
AF-003,2,ENGINE,646.26,0.115,405.96
AF-003,3,ENGINE,651.05,0.122,411.42
AF-003,4,ENGINE,647.0,0.108,405.53
AF-003,5,ENGINE,650.88,0.126,408.28
AF-003,6,ENGINE,655.23,0.121,406.11
AF-003,7,ENGINE,658.3,0.132,408.16
AF-003,8,ENGINE,657.42,0.153,405.54
AF-003,9,ENGINE,652.35,0.15,408.76
AF-003,10,ENGINE,658.46,0.156,406.36
AF-003,11,ENGINE,650.49,0.166,406.86
AF-003,12,ENGINE,651.88,0.167,402.53
AF-003,13,ENGINE,661.62,0.171,404.82
AF-003,14,ENGINE,662.91,0.177,407.11
AF-003,15,ENGINE,662.15,0.186,404.25
AF-003,16,ENGINE,666.68,0.177,400.57
AF-003,17,ENGINE,657.39,0.183,400.64
AF-003,18,ENGINE,666.2,0.202,405.08
AF-003,19,ENGINE,670.21,0.202,397.61
AF-003,20,ENGINE,671.38,0.226,403.02
AF-003,21,ENGINE,661.28,0.203,401.54
AF-003,22,ENGINE,663.86,0.215,398.41
AF-003,23,ENGINE,664.09,0.253,394.59
AF-003,24,ENGINE,674.29,0.237,395.27
AF-003,25,ENGINE,671.7,0.254,397.92
AF-003,26,ENGINE,667.72,0.267,392.27
AF-003,27,ENGINE,677.47,0.254,393.74
AF-003,28,ENGINE,679.42,0.301,392.8
AF-003,29,ENGINE,678.61,0.311,391.52
AF-003,30,ENGINE,675.83,0.288,388.99
AF-003,31,ENGINE,681.22,0.297,388.4
AF-003,32,ENGINE,680.21,0.304,392.74
AF-003,33,ENGINE,679.09,0.348,390.91
AF-003,34,ENGINE,681.7,0.332,385.22
AF-003,35,ENGINE,682.43,0.366,384.73
AF-003,36,ENGINE,695.74,0.379,382.9
AF-003,37,ENGINE,686.56,0.378,386.31
AF-003,38,ENGINE,691.1,0.402,386.61
AF-003,39,ENGINE,689.55,0.397,379.07
AF-003,40,ENGINE,695.56,0.391,380.66
AF-003,41,ENGINE,701.15,0.433,381.67
AF-003,42,ENGINE,704.93,0.418,379.16
AF-003,43,ENGINE,705.89,0.439,375.74
AF-003,44,ENGINE,700.91,0.441,378.31
AF-003,45,ENGINE,704.67,0.483,378.17
AF-003,46,ENGINE,713.49,0.468,373.53
AF-003,47,ENGINE,708.92,0.49,375.86
AF-003,48,ENGINE,715.7,0.508,367.67
AF-003,49,ENGINE,710.12,0.518,367.94
AF-003,50,ENGINE,712.0,0.543,367.34
AF-003,51,ENGINE,721.88,0.535,369.34
AF-003,52,ENGINE,720.5,0.568,369.01
AF-003,53,ENGINE,718.92,0.556,366.51
AF-003,54,ENGINE,729.32,0.571,363.11
AF-003,55,ENGINE,728.45,0.6,363.37
AF-003,56,ENGINE,735.5,0.627,360.39
AF-003,57,ENGINE,738.09,0.646,358.76
AF-003,58,ENGINE,737.71,0.639,358.4
AF-003,59,ENGINE,732.59,0.67,355.02
AF-003,60,ENGINE,744.81,0.678,358.92
AF-004,1,ENGINE,651.19,0.125,406.19
AF-004,2,ENGINE,646.51,0.122,406.15
AF-004,3,ENGINE,647.93,0.113,409.1
AF-004,4,ENGINE,652.01,0.109,411.75
AF-004,5,ENGINE,653.43,0.128,409.92
AF-004,6,ENGINE,649.6,0.123,406.36
AF-004,7,ENGINE,651.23,0.132,407.71
AF-004,8,ENGINE,647.69,0.142,407.34
AF-004,9,ENGINE,650.59,0.134,407.5
AF-004,10,ENGINE,651.43,0.17,403.28
AF-004,11,ENGINE,658.27,0.17,403.26
AF-004,12,ENGINE,661.66,0.161,408.97
AF-004,13,ENGINE,657.24,0.172,408.78
AF-004,14,ENGINE,662.54,0.172,408.41
AF-004,15,ENGINE,658.15,0.192,402.46
AF-004,16,ENGINE,664.2,0.185,401.45
AF-004,17,ENGINE,657.29,0.2,401.11
AF-004,18,ENGINE,657.98,0.211,405.18
AF-004,19,ENGINE,665.51,0.227,401.72
AF-004,20,ENGINE,660.72,0.196,402.34
AF-004,21,ENGINE,663.9,0.217,398.21
AF-004,22,ENGINE,673.25,0.217,399.85
AF-004,23,ENGINE,668.13,0.256,400.66
AF-004,24,ENGINE,669.19,0.26,400.39
AF-004,25,ENGINE,673.94,0.236,399.82
AF-004,26,ENGINE,669.1,0.249,398.04
AF-004,27,ENGINE,675.57,0.267,392.69
AF-004,28,ENGINE,674.13,0.277,395.81
AF-004,29,ENGINE,675.52,0.303,395.5
AF-004,30,ENGINE,683.64,0.314,393.76
AF-004,31,ENGINE,686.54,0.304,394.57
AF-004,32,ENGINE,688.6,0.327,393.03
AF-004,33,ENGINE,689.36,0.346,390.12
AF-004,34,ENGINE,682.47,0.34,387.88
AF-004,35,ENGINE,691.76,0.335,387.58
AF-004,36,ENGINE,689.99,0.377,382.65
AF-004,37,ENGINE,688.35,0.371,382.32
AF-004,38,ENGINE,696.07,0.39,379.81
AF-004,39,ENGINE,689.5,0.383,379.89
AF-004,40,ENGINE,701.12,0.402,377.57
AF-004,41,ENGINE,696.35,0.431,381.49
AF-004,42,ENGINE,702.23,0.416,377.49
AF-004,43,ENGINE,703.24,0.423,376.99
AF-004,44,ENGINE,705.09,0.472,376.3
AF-004,45,ENGINE,702.74,0.464,371.36
AF-004,46,ENGINE,705.7,0.482,373.86
AF-004,47,ENGINE,706.84,0.473,371.92
AF-004,48,ENGINE,717.92,0.516,371.75
AF-004,49,ENGINE,716.25,0.517,367.38
AF-004,50,ENGINE,719.88,0.534,367.49
AF-004,51,ENGINE,715.31,0.547,366.41
AF-004,52,ENGINE,716.69,0.573,366.85
AF-004,53,ENGINE,723.51,0.575,361.84
AF-004,54,ENGINE,729.11,0.57,363.69
AF-004,55,ENGINE,731.64,0.614,358.51
AF-004,56,ENGINE,733.34,0.629,360.76
AF-004,57,ENGINE,735.02,0.627,359.7
AF-004,58,ENGINE,737.57,0.635,358.99
AF-004,59,ENGINE,737.35,0.669,353.9
AF-004,60,ENGINE,745.66,0.673,355.11
AF-005,1,ENGINE,650.8,0.105,412.95
AF-005,2,ENGINE,652.5,0.115,409.73
AF-005,3,ENGINE,655.32,0.136,408.56
AF-005,4,ENGINE,646.19,0.137,405.64
AF-005,5,ENGINE,657.15,0.14,406.19
AF-005,6,ENGINE,648.42,0.116,409.27
AF-005,7,ENGINE,651.36,0.153,407.04
AF-005,8,ENGINE,655.47,0.131,405.93
AF-005,9,ENGINE,654.91,0.16,406.51
AF-005,10,ENGINE,649.99,0.148,407.54
AF-005,11,ENGINE,656.49,0.154,408.06
AF-005,12,ENGINE,659.4,0.168,407.34
AF-005,13,ENGINE,662.84,0.174,403.24
AF-005,14,ENGINE,658.19,0.159,406.85
AF-005,15,ENGINE,657.99,0.173,404.0
AF-005,16,ENGINE,661.42,0.182,403.11
AF-005,17,ENGINE,658.81,0.207,404.95
AF-005,18,ENGINE,668.28,0.182,402.84
AF-005,19,ENGINE,664.28,0.204,402.01
AF-005,20,ENGINE,668.18,0.209,404.41
AF-005,21,ENGINE,665.85,0.225,399.37
AF-005,22,ENGINE,668.84,0.234,402.08
AF-005,23,ENGINE,666.06,0.222,401.4
AF-005,24,ENGINE,673.52,0.263,394.33
AF-005,25,ENGINE,677.94,0.264,394.27
AF-005,26,ENGINE,671.62,0.281,395.99
AF-005,27,ENGINE,675.86,0.271,395.47
AF-005,28,ENGINE,677.64,0.288,390.93
AF-005,29,ENGINE,682.74,0.301,388.82
AF-005,30,ENGINE,682.04,0.292,394.59
AF-005,31,ENGINE,676.29,0.3,393.52
AF-005,32,ENGINE,678.03,0.313,391.05
AF-005,33,ENGINE,686.43,0.336,388.72
AF-005,34,ENGINE,680.81,0.355,384.7
AF-005,35,ENGINE,690.78,0.371,386.5
AF-005,36,ENGINE,694.66,0.357,384.99
AF-005,37,ENGINE,688.11,0.358,384.55
AF-005,38,ENGINE,695.91,0.367,379.67
AF-005,39,ENGINE,695.46,0.38,386.38
AF-005,40,ENGINE,696.01,0.424,383.54
AF-005,41,ENGINE,695.85,0.435,379.32
AF-005,42,ENGINE,695.95,0.43,378.35
AF-005,43,ENGINE,702.66,0.443,377.06
AF-005,44,ENGINE,705.93,0.452,380.41
AF-005,45,ENGINE,701.15,0.46,371.52
AF-005,46,ENGINE,714.4,0.467,371.77
AF-005,47,ENGINE,711.24,0.496,372.3
AF-005,48,ENGINE,717.89,0.485,372.52
AF-005,49,ENGINE,711.34,0.507,367.17
AF-005,50,ENGINE,712.71,0.543,371.89
AF-005,51,ENGINE,724.81,0.529,371.23
AF-005,52,ENGINE,726.31,0.551,365.1
AF-005,53,ENGINE,726.62,0.573,362.57
AF-005,54,ENGINE,720.63,0.578,362.25
AF-005,55,ENGINE,726.21,0.592,360.86
AF-005,56,ENGINE,730.4,0.6,360.7
AF-005,57,ENGINE,731.32,0.625,360.76
AF-005,58,ENGINE,734.15,0.621,356.7
AF-005,59,ENGINE,740.3,0.641,356.73
AF-005,60,ENGINE,734.69,0.653,358.2
AF-006,1,ENGINE,654.04,0.132,407.08
AF-006,2,ENGINE,650.29,0.11,407.88
AF-006,3,ENGINE,648.57,0.107,405.93
AF-006,4,ENGINE,651.68,0.135,411.61
AF-006,5,ENGINE,651.72,0.124,412.84
AF-006,6,ENGINE,658.05,0.127,410.24
AF-006,7,ENGINE,648.27,0.119,406.09
AF-006,8,ENGINE,657.32,0.127,405.73
AF-006,9,ENGINE,649.1,0.165,408.96
AF-006,10,ENGINE,655.19,0.132,407.12
AF-006,11,ENGINE,654.5,0.154,408.3
AF-006,12,ENGINE,651.09,0.146,404.61
AF-006,13,ENGINE,655.7,0.163,405.18
AF-006,14,ENGINE,663.81,0.181,405.59
AF-006,15,ENGINE,656.89,0.191,406.02
AF-006,16,ENGINE,656.2,0.184,406.74
AF-006,17,ENGINE,660.95,0.188,401.54
AF-006,18,ENGINE,658.02,0.197,401.6
AF-006,19,ENGINE,658.96,0.195,399.35
AF-006,20,ENGINE,666.39,0.23,399.33
AF-006,21,ENGINE,665.71,0.207,396.63
AF-006,22,ENGINE,671.1,0.211,396.98
AF-006,23,ENGINE,667.01,0.244,397.8
AF-006,24,ENGINE,675.93,0.266,397.06
AF-006,25,ENGINE,673.36,0.256,398.03
AF-006,26,ENGINE,668.41,0.271,391.93
AF-006,27,ENGINE,672.35,0.288,392.4
AF-006,28,ENGINE,671.98,0.268,392.98
AF-006,29,ENGINE,679.59,0.277,394.27
AF-006,30,ENGINE,682.01,0.294,390.87
AF-006,31,ENGINE,677.03,0.322,394.42
AF-006,32,ENGINE,683.31,0.323,391.5
AF-006,33,ENGINE,683.26,0.328,386.75
AF-006,34,ENGINE,691.37,0.328,385.37
AF-006,35,ENGINE,689.42,0.356,385.83
AF-006,36,ENGINE,692.7,0.353,383.82
AF-006,37,ENGINE,693.49,0.39,382.37
AF-006,38,ENGINE,687.57,0.391,381.51
AF-006,39,ENGINE,689.42,0.411,384.09
AF-006,40,ENGINE,693.6,0.421,379.23
AF-006,41,ENGINE,698.86,0.422,378.46
AF-006,42,ENGINE,705.61,0.436,379.14
AF-006,43,ENGINE,706.76,0.443,381.71
AF-006,44,ENGINE,707.51,0.466,378.69
AF-006,45,ENGINE,709.48,0.452,376.55
AF-006,46,ENGINE,714.59,0.463,377.8
AF-006,47,ENGINE,715.25,0.488,376.26
AF-006,48,ENGINE,707.17,0.514,368.63
AF-006,49,ENGINE,714.58,0.507,366.25
AF-006,50,ENGINE,717.12,0.525,369.65
AF-006,51,ENGINE,717.57,0.563,368.76
AF-006,52,ENGINE,725.81,0.574,368.28
AF-006,53,ENGINE,729.04,0.576,366.79
AF-006,54,ENGINE,724.29,0.594,365.43
AF-006,55,ENGINE,730.71,0.583,361.62
AF-006,56,ENGINE,729.3,0.623,359.06
AF-006,57,ENGINE,733.59,0.624,357.75
AF-006,58,ENGINE,737.1,0.631,357.74
AF-006,59,ENGINE,740.99,0.649,355.8
AF-006,60,ENGINE,741.27,0.676,357.04
AF-007,1,ENGINE,653.97,0.121,407.73
AF-007,2,ENGINE,652.61,0.109,411.87
AF-007,3,ENGINE,648.76,0.136,411.35
AF-007,4,ENGINE,653.06,0.114,405.31
AF-007,5,ENGINE,652.49,0.128,406.51
AF-007,6,ENGINE,652.49,0.148,410.46
AF-007,7,ENGINE,647.48,0.135,409.84
AF-007,8,ENGINE,648.82,0.143,406.48
AF-007,9,ENGINE,650.9,0.165,410.82
AF-007,10,ENGINE,652.27,0.145,409.51
AF-007,11,ENGINE,651.6,0.173,410.0
AF-007,12,ENGINE,657.3,0.173,405.85
AF-007,13,ENGINE,658.69,0.182,403.06
AF-007,14,ENGINE,657.46,0.162,402.09
AF-007,15,ENGINE,664.34,0.165,402.22
AF-007,16,ENGINE,666.04,0.205,406.19
AF-007,17,ENGINE,660.44,0.179,401.93
AF-007,18,ENGINE,664.0,0.208,400.6
AF-007,19,ENGINE,668.65,0.209,399.56
AF-007,20,ENGINE,664.6,0.196,397.87
AF-007,21,ENGINE,661.24,0.23,396.83
AF-007,22,ENGINE,671.64,0.217,396.32
AF-007,23,ENGINE,668.78,0.238,401.3
AF-007,24,ENGINE,676.73,0.244,396.8
AF-007,25,ENGINE,672.32,0.266,394.26
AF-007,26,ENGINE,669.61,0.261,398.0
AF-007,27,ENGINE,680.25,0.277,397.64
AF-007,28,ENGINE,670.65,0.272,396.86
AF-007,29,ENGINE,682.74,0.293,393.26
AF-007,30,ENGINE,674.49,0.292,395.45
AF-007,31,ENGINE,683.29,0.313,386.9
AF-007,32,ENGINE,679.35,0.325,386.9
AF-007,33,ENGINE,683.08,0.341,387.99
AF-007,34,ENGINE,685.54,0.339,386.79
AF-007,35,ENGINE,682.07,0.361,386.19
AF-007,36,ENGINE,693.51,0.361,385.78
AF-007,37,ENGINE,687.5,0.374,385.05
AF-007,38,ENGINE,687.98,0.373,385.37
AF-007,39,ENGINE,694.29,0.412,380.3
AF-007,40,ENGINE,692.7,0.419,378.19
AF-007,41,ENGINE,703.97,0.431,382.81
AF-007,42,ENGINE,702.54,0.427,381.29
AF-007,43,ENGINE,707.13,0.457,378.94
AF-007,44,ENGINE,707.59,0.455,373.26
AF-007,45,ENGINE,703.79,0.475,372.09
AF-007,46,ENGINE,710.32,0.472,374.79
AF-007,47,ENGINE,713.12,0.512,375.35
AF-007,48,ENGINE,714.1,0.52,370.63
AF-007,49,ENGINE,712.63,0.534,369.8
AF-007,50,ENGINE,712.58,0.542,372.25
AF-007,51,ENGINE,715.72,0.549,366.18
AF-007,52,ENGINE,720.48,0.557,369.01
AF-007,53,ENGINE,717.99,0.554,364.59
AF-007,54,ENGINE,727.37,0.589,366.79
AF-007,55,ENGINE,729.71,0.607,364.96
AF-007,56,ENGINE,734.11,0.628,361.93
AF-007,57,ENGINE,737.89,0.615,361.28
AF-007,58,ENGINE,733.15,0.655,358.98
AF-007,59,ENGINE,741.24,0.662,359.34
AF-007,60,ENGINE,742.76,0.668,354.57
AF-008,1,ENGINE,649.12,0.133,409.6
AF-008,2,ENGINE,645.15,0.109,406.1
AF-008,3,ENGINE,650.61,0.129,411.39
AF-008,4,ENGINE,652.22,0.133,407.8
AF-008,5,ENGINE,650.63,0.127,408.75
AF-008,6,ENGINE,656.73,0.14,411.43
AF-008,7,ENGINE,651.1,0.118,409.45
AF-008,8,ENGINE,650.14,0.156,405.92
AF-008,9,ENGINE,654.23,0.134,405.48
AF-008,10,ENGINE,658.33,0.147,408.69
AF-008,11,ENGINE,656.68,0.166,407.46
AF-008,12,ENGINE,653.79,0.178,402.25
AF-008,13,ENGINE,654.64,0.152,403.07
AF-008,14,ENGINE,654.49,0.157,405.65
AF-008,15,ENGINE,662.02,0.176,400.02
AF-008,16,ENGINE,666.83,0.18,406.81
AF-008,17,ENGINE,660.15,0.197,406.58
AF-008,18,ENGINE,661.98,0.183,400.92
AF-008,19,ENGINE,659.65,0.196,405.25
AF-008,20,ENGINE,668.49,0.23,403.25
AF-008,21,ENGINE,664.44,0.24,402.6
AF-008,22,ENGINE,663.66,0.237,396.75
AF-008,23,ENGINE,670.7,0.24,401.4
AF-008,24,ENGINE,671.63,0.256,397.07
AF-008,25,ENGINE,667.6,0.261,394.08
AF-008,26,ENGINE,675.97,0.28,392.27
AF-008,27,ENGINE,679.12,0.263,393.97
AF-008,28,ENGINE,680.86,0.285,393.13
AF-008,29,ENGINE,675.34,0.284,394.99
AF-008,30,ENGINE,679.82,0.307,390.79
AF-008,31,ENGINE,678.29,0.325,390.21
AF-008,32,ENGINE,677.02,0.325,386.54
AF-008,33,ENGINE,688.28,0.339,391.04
AF-008,34,ENGINE,682.89,0.333,391.61
AF-008,35,ENGINE,687.65,0.335,387.98
AF-008,36,ENGINE,686.59,0.368,384.96
AF-008,37,ENGINE,686.66,0.385,387.05
AF-008,38,ENGINE,691.43,0.393,385.54
AF-008,39,ENGINE,701.0,0.406,378.53
AF-008,40,ENGINE,696.23,0.413,382.1
AF-008,41,ENGINE,698.73,0.432,380.22
AF-008,42,ENGINE,699.26,0.412,382.16
AF-008,43,ENGINE,703.69,0.455,376.93
AF-008,44,ENGINE,702.78,0.458,375.97
AF-008,45,ENGINE,706.06,0.473,375.04
AF-008,46,ENGINE,714.31,0.47,376.02
AF-008,47,ENGINE,705.82,0.495,375.63
AF-008,48,ENGINE,709.22,0.52,368.14
AF-008,49,ENGINE,712.95,0.513,373.58
AF-008,50,ENGINE,715.07,0.52,364.94
AF-008,51,ENGINE,719.82,0.556,369.13
AF-008,52,ENGINE,716.88,0.538,367.65
AF-008,53,ENGINE,727.96,0.59,366.39
AF-008,54,ENGINE,727.5,0.576,362.28
AF-008,55,ENGINE,730.28,0.589,365.54
AF-008,56,ENGINE,731.57,0.632,356.99
AF-008,57,ENGINE,736.43,0.634,356.63
AF-008,58,ENGINE,731.25,0.647,360.97
AF-008,59,ENGINE,743.55,0.659,360.14
AF-008,60,ENGINE,735.93,0.66,353.56
AF-009,1,ENGINE,648.17,0.103,408.48
AF-009,2,ENGINE,653.66,0.14,407.4
AF-009,3,ENGINE,646.66,0.125,412.42
AF-009,4,ENGINE,656.76,0.137,407.67
AF-009,5,ENGINE,650.32,0.117,405.76
AF-009,6,ENGINE,651.8,0.116,412.04
AF-009,7,ENGINE,649.42,0.121,410.34
AF-009,8,ENGINE,655.47,0.122,410.28
AF-009,9,ENGINE,648.46,0.163,408.71
AF-009,10,ENGINE,651.16,0.147,410.77
AF-009,11,ENGINE,655.61,0.16,407.32
AF-009,12,ENGINE,651.59,0.168,406.81
AF-009,13,ENGINE,659.9,0.179,407.05
AF-009,14,ENGINE,652.88,0.181,401.67
AF-009,15,ENGINE,665.28,0.178,406.93
AF-009,16,ENGINE,665.96,0.186,406.34
AF-009,17,ENGINE,660.04,0.202,401.99
AF-009,18,ENGINE,662.86,0.203,405.9
AF-009,19,ENGINE,665.8,0.216,399.89
AF-009,20,ENGINE,663.34,0.199,397.25
AF-009,21,ENGINE,666.11,0.232,401.18
AF-009,22,ENGINE,664.88,0.248,399.56
AF-009,23,ENGINE,664.1,0.246,394.38
AF-009,24,ENGINE,670.06,0.243,395.65
AF-009,25,ENGINE,677.06,0.246,400.3
AF-009,26,ENGINE,676.82,0.28,397.79
AF-009,27,ENGINE,676.18,0.291,391.21
AF-009,28,ENGINE,676.39,0.284,395.7
AF-009,29,ENGINE,682.03,0.274,391.42
AF-009,30,ENGINE,681.9,0.314,390.49
AF-009,31,ENGINE,681.7,0.331,391.26
AF-009,32,ENGINE,688.22,0.31,391.59
AF-009,33,ENGINE,684.42,0.346,389.4
AF-009,34,ENGINE,687.2,0.333,390.94
AF-009,35,ENGINE,683.18,0.332,389.26
AF-009,36,ENGINE,684.19,0.371,382.96
AF-009,37,ENGINE,695.99,0.362,385.59
AF-009,38,ENGINE,692.51,0.38,380.26
AF-009,39,ENGINE,698.04,0.383,378.52
AF-009,40,ENGINE,698.97,0.408,381.91
AF-009,41,ENGINE,696.86,0.427,377.82
AF-009,42,ENGINE,699.18,0.447,382.32
AF-009,43,ENGINE,707.8,0.436,377.38
AF-009,44,ENGINE,702.84,0.46,374.74
AF-009,45,ENGINE,706.9,0.479,378.43
AF-009,46,ENGINE,708.06,0.496,373.6
AF-009,47,ENGINE,708.54,0.493,374.24
AF-009,48,ENGINE,712.69,0.487,375.18
AF-009,49,ENGINE,710.06,0.534,371.78
AF-009,50,ENGINE,719.61,0.516,371.8
AF-009,51,ENGINE,715.8,0.532,368.28
AF-009,52,ENGINE,717.87,0.546,368.52
AF-009,53,ENGINE,717.89,0.586,363.82
AF-009,54,ENGINE,720.29,0.591,362.73
AF-009,55,ENGINE,731.58,0.605,365.11
AF-009,56,ENGINE,729.32,0.602,361.91
AF-009,57,ENGINE,728.45,0.646,361.54
AF-009,58,ENGINE,736.16,0.659,356.95
AF-009,59,ENGINE,732.24,0.647,354.63
AF-009,60,ENGINE,739.02,0.686,351.56
AF-010,1,ENGINE,652.65,0.136,411.99
AF-010,2,ENGINE,655.53,0.128,413.41
AF-010,3,ENGINE,650.74,0.136,411.42
AF-010,4,ENGINE,653.39,0.123,410.6
AF-010,5,ENGINE,647.81,0.118,410.35
AF-010,6,ENGINE,655.26,0.119,405.8
AF-010,7,ENGINE,651.18,0.149,405.32
AF-010,8,ENGINE,649.05,0.136,411.57
AF-010,9,ENGINE,655.86,0.134,405.6
AF-010,10,ENGINE,655.85,0.156,406.32
AF-010,11,ENGINE,661.89,0.148,402.88
AF-010,12,ENGINE,658.61,0.151,403.03
AF-010,13,ENGINE,659.32,0.152,407.53
AF-010,14,ENGINE,657.75,0.177,403.65
AF-010,15,ENGINE,665.45,0.19,405.83
AF-010,16,ENGINE,664.18,0.182,402.77
AF-010,17,ENGINE,664.02,0.212,403.26
AF-010,18,ENGINE,662.02,0.19,404.84
AF-010,19,ENGINE,658.75,0.215,399.04
AF-010,20,ENGINE,662.22,0.204,401.94
AF-010,21,ENGINE,668.02,0.217,403.13
AF-010,22,ENGINE,668.44,0.212,398.76
AF-010,23,ENGINE,671.01,0.235,394.55
AF-010,24,ENGINE,667.9,0.256,393.4
AF-010,25,ENGINE,670.83,0.247,392.97
AF-010,26,ENGINE,678.44,0.281,399.2
AF-010,27,ENGINE,673.89,0.276,396.59
AF-010,28,ENGINE,672.79,0.285,394.72
AF-010,29,ENGINE,677.44,0.297,391.19
AF-010,30,ENGINE,684.29,0.291,391.42
AF-010,31,ENGINE,675.7,0.32,392.81
AF-010,32,ENGINE,688.76,0.305,388.55
AF-010,33,ENGINE,678.72,0.326,385.51
AF-010,34,ENGINE,686.55,0.323,385.3
AF-010,35,ENGINE,691.09,0.354,390.6
AF-010,36,ENGINE,685.5,0.36,389.16
AF-010,37,ENGINE,693.7,0.391,384.08
AF-010,38,ENGINE,697.42,0.377,380.9
AF-010,39,ENGINE,699.82,0.412,381.54
AF-010,40,ENGINE,700.84,0.393,384.8
AF-010,41,ENGINE,697.42,0.424,376.88
AF-010,42,ENGINE,705.79,0.445,377.77
AF-010,43,ENGINE,705.26,0.437,378.21
AF-010,44,ENGINE,699.98,0.442,373.16
AF-010,45,ENGINE,709.75,0.454,373.5
AF-010,46,ENGINE,707.12,0.473,371.34
AF-010,47,ENGINE,706.86,0.489,375.75
AF-010,48,ENGINE,710.44,0.516,374.51
AF-010,49,ENGINE,720.73,0.513,366.97
AF-010,50,ENGINE,712.07,0.527,366.06
AF-010,51,ENGINE,717.24,0.564,365.06
AF-010,52,ENGINE,716.19,0.576,369.8
AF-010,53,ENGINE,724.15,0.574,361.54
AF-010,54,ENGINE,731.08,0.574,365.28
AF-010,55,ENGINE,728.32,0.588,362.17
AF-010,56,ENGINE,725.85,0.629,357.79
AF-010,57,ENGINE,733.14,0.625,361.36
AF-010,58,ENGINE,734.2,0.629,354.17
AF-010,59,ENGINE,738.85,0.663,358.49
AF-010,60,ENGINE,742.13,0.665,357.67
AF-011,1,ENGINE,647.19,0.114,413.16
AF-011,2,ENGINE,650.49,0.108,410.71
AF-011,3,ENGINE,648.17,0.122,409.51
AF-011,4,ENGINE,645.88,0.119,410.1
AF-011,5,ENGINE,655.67,0.119,405.64
AF-011,6,ENGINE,647.57,0.117,407.16
AF-011,7,ENGINE,653.32,0.123,408.6
AF-011,8,ENGINE,656.57,0.149,411.44
AF-011,9,ENGINE,655.39,0.155,404.17
AF-011,10,ENGINE,650.79,0.162,405.25
AF-011,11,ENGINE,657.47,0.155,403.66
AF-011,12,ENGINE,658.86,0.156,405.23
AF-011,13,ENGINE,652.44,0.154,402.22
AF-011,14,ENGINE,659.12,0.171,405.6
AF-011,15,ENGINE,664.7,0.17,400.34
AF-011,16,ENGINE,662.76,0.187,403.57
AF-011,17,ENGINE,662.8,0.188,403.84
AF-011,18,ENGINE,659.46,0.187,398.3
AF-011,19,ENGINE,665.32,0.205,399.04
AF-011,20,ENGINE,660.47,0.226,403.39
AF-011,21,ENGINE,667.67,0.229,396.77
AF-011,22,ENGINE,671.99,0.228,399.63
AF-011,23,ENGINE,674.06,0.242,396.1
AF-011,24,ENGINE,673.51,0.24,397.16
AF-011,25,ENGINE,670.05,0.255,393.26
AF-011,26,ENGINE,669.94,0.249,392.24
AF-011,27,ENGINE,678.09,0.261,391.4
AF-011,28,ENGINE,670.74,0.299,393.57
AF-011,29,ENGINE,674.14,0.272,394.72
AF-011,30,ENGINE,683.07,0.288,393.69
AF-011,31,ENGINE,679.23,0.293,387.87
AF-011,32,ENGINE,686.16,0.318,387.46
AF-011,33,ENGINE,683.08,0.313,389.95
AF-011,34,ENGINE,683.55,0.36,386.42
AF-011,35,ENGINE,692.82,0.371,384.55
AF-011,36,ENGINE,695.24,0.367,389.07
AF-011,37,ENGINE,694.93,0.368,384.61
AF-011,38,ENGINE,689.89,0.39,382.5
AF-011,39,ENGINE,689.18,0.389,382.54
AF-011,40,ENGINE,698.28,0.406,385.15
AF-011,41,ENGINE,697.67,0.425,378.84
AF-011,42,ENGINE,706.23,0.449,379.49
AF-011,43,ENGINE,703.26,0.441,375.98
AF-011,44,ENGINE,701.1,0.455,379.69
AF-011,45,ENGINE,707.03,0.468,374.82
AF-011,46,ENGINE,708.11,0.487,373.04
AF-011,47,ENGINE,712.13,0.48,372.77
AF-011,48,ENGINE,710.61,0.493,372.27
AF-011,49,ENGINE,710.47,0.503,369.43
AF-011,50,ENGINE,716.68,0.531,365.68
AF-011,51,ENGINE,713.48,0.532,365.29
AF-011,52,ENGINE,716.92,0.551,367.93
AF-011,53,ENGINE,724.97,0.581,366.82
AF-011,54,ENGINE,724.42,0.587,366.84
AF-011,55,ENGINE,730.38,0.588,361.33
AF-011,56,ENGINE,730.86,0.62,357.66
AF-011,57,ENGINE,737.6,0.608,359.56
AF-011,58,ENGINE,734.4,0.648,358.12
AF-011,59,ENGINE,734.6,0.653,360.21
AF-011,60,ENGINE,743.53,0.678,358.15
AF-012,1,ENGINE,652.25,0.127,412.74
AF-012,2,ENGINE,647.16,0.111,411.22
AF-012,3,ENGINE,651.84,0.106,411.81
AF-012,4,ENGINE,648.99,0.118,407.99
AF-012,5,ENGINE,655.64,0.149,411.39
AF-012,6,ENGINE,652.6,0.153,409.67
AF-012,7,ENGINE,651.4,0.124,409.63
AF-012,8,ENGINE,654.23,0.131,406.35
AF-012,9,ENGINE,648.74,0.15,403.7
AF-012,10,ENGINE,658.74,0.152,405.13
AF-012,11,ENGINE,661.66,0.16,409.85
AF-012,12,ENGINE,662.6,0.174,406.03
AF-012,13,ENGINE,655.75,0.157,406.05
AF-012,14,ENGINE,664.33,0.157,401.82
AF-012,15,ENGINE,657.77,0.175,406.38
AF-012,16,ENGINE,663.06,0.168,406.1
AF-012,17,ENGINE,660.62,0.199,400.61
AF-012,18,ENGINE,666.26,0.215,404.84
AF-012,19,ENGINE,665.75,0.203,398.28
AF-012,20,ENGINE,671.33,0.221,400.42
AF-012,21,ENGINE,668.25,0.233,398.72
AF-012,22,ENGINE,666.68,0.236,400.35
AF-012,23,ENGINE,663.46,0.252,401.47
AF-012,24,ENGINE,666.39,0.247,394.15
AF-012,25,ENGINE,676.82,0.256,399.03
AF-012,26,ENGINE,675.42,0.254,399.37
AF-012,27,ENGINE,675.11,0.292,395.82
AF-012,28,ENGINE,671.66,0.28,389.98
AF-012,29,ENGINE,672.23,0.274,396.12
AF-012,30,ENGINE,679.78,0.316,393.66
AF-012,31,ENGINE,684.63,0.292,387.45
AF-012,32,ENGINE,685.98,0.331,389.78
AF-012,33,ENGINE,687.75,0.326,389.4
AF-012,34,ENGINE,681.25,0.356,386.41
AF-012,35,ENGINE,691.81,0.343,386.2
AF-012,36,ENGINE,692.72,0.368,387.81
AF-012,37,ENGINE,686.96,0.388,387.66
AF-012,38,ENGINE,689.16,0.385,381.27
AF-012,39,ENGINE,692.78,0.407,380.06
AF-012,40,ENGINE,702.02,0.42,378.14
AF-012,41,ENGINE,693.65,0.424,381.63
AF-012,42,ENGINE,699.07,0.425,378.2
AF-012,43,ENGINE,701.61,0.462,378.86
AF-012,44,ENGINE,705.77,0.452,379.62
AF-012,45,ENGINE,707.18,0.454,378.51
AF-012,46,ENGINE,704.85,0.486,374.62
AF-012,47,ENGINE,708.13,0.48,370.99
AF-012,48,ENGINE,709.6,0.517,369.33
AF-012,49,ENGINE,709.78,0.533,371.33
AF-012,50,ENGINE,715.69,0.515,369.22
AF-012,51,ENGINE,717.82,0.549,366.78
AF-012,52,ENGINE,724.42,0.561,367.92
AF-012,53,ENGINE,727.71,0.566,363.6
AF-012,54,ENGINE,730.51,0.582,365.91
AF-012,55,ENGINE,723.04,0.608,359.88
AF-012,56,ENGINE,725.53,0.632,359.45
AF-012,57,ENGINE,729.02,0.609,362.61
AF-012,58,ENGINE,739.13,0.621,355.43
AF-012,59,ENGINE,731.65,0.651,357.13
AF-012,60,ENGINE,742.96,0.66,355.99
